kpi_id;label;node_type;dimension;subdimension;unit;formula;target;target_direction;author;comment
COST-01;Cost per cell;KPI;Economic;Cost;EUR/cell;{COST-02}/{PROD-01};5;min;Standard;
COST-02;Total cost;Sub-KPI;Economic;Cost;EUR;{COST-11}+{COST-12};;;Standard;
COST-11;Energy cost;Measure;Economic;Cost;EUR;;3;max;Standard;
COST-12;Material cost;Measure;Economic;Cost;EUR;;;;Standard;
PROD-01;Cells produced;Measure;Economic;Output;;;;;Standard;
ENV-01;Energy per cell;KPI;Environmental;Energy;;{ENV-11}/{PROD-01};15;min;Standard;
ENV-11;Electricity consumption;Measure;Environmental;Energy;;;;;Standard;
Example;Example KPI;KPI;Environmental;Cost;;{COST-12}+{COST-02}+{COST-11};;;Standard;
SOC-1;Employees Group 1;Measure;Social;Soc;persons;;;;Standard;
SOC-2;Employees Group 2;Measure;Social;Soc;persons;;3;max;Standard;
SOC-3;Total Employees;KPI;Social;Soc;persons;{SOC-1}+{SOC-2};;;Standard;Testkommentar
SOC-4;Test KPI;Sub-KPI;Economic;Test;;{SOC-1}-(2*{SOC-2});5;max;Standard;Test
